id,sentence,sentiment,score,positive_count,negative_count,pattern,tag
1,Artificial Intelligence (AI) has become one of the most transformative technologies of the modern era,NEUTRAL,0,0,0,LONG,NEUTRAL
2,"Over the past few decades, AI systems have evolved from simple rule-based programs to highly sophisticated systems capable of learning, reasoning, and making decisions",NEUTRAL,0,0,0,LONG,NEUTRAL
3,"Today, AI is widely used in various industries including healthcare, finance, education, transportation, and cybersecurity",NEUTRAL,0,0,0,LONG,NEUTRAL
4,The rapid growth of AI technology has created excitement about its potential benefits while also raising concerns about its possible risks and ethical implications,NEUTRAL,0,0,0,LONG,NEUTRAL
5,One of the most positive aspects of artificial intelligence is its ability to automate repetitive tasks,POSITIVE,1,1,0,LONG,POSITIVE
6,Many businesses rely on AI-powered tools to handle large amounts of data and perform tasks that would normally require significant human effort,NEUTRAL,0,0,0,LONG,NEUTRAL
7,"For example, AI systems can analyze large datasets in seconds and identify patterns that humans might overlook",NEUTRAL,0,0,0,LONG,NEUTRAL
8,This ability improves efficiency and productivity in organizations,NEUTRAL,0,0,0,NORMAL,NEUTRAL
9,"Companies can make faster decisions and reduce operational costs, which ultimately benefits both businesses and consumers",NEUTRAL,0,0,0,LONG,NEUTRAL
10,Another advantage of artificial intelligence is its ability to reduce human error,NEGATIVE,-1,0,1,ALERT,CRITICAL
11,"Humans can make mistakes due to fatigue, stress, or lack of attention, but machines can perform calculations and analysis with high accuracy",NEUTRAL,0,0,0,LONG,NEUTRAL
12,"In industries such as healthcare, AI-powered diagnostic tools can assist doctors in identifying diseases at an early stage",NEUTRAL,0,0,0,LONG,NEUTRAL
13,These tools can analyze medical images and patient data quickly and provide helpful insights,NEUTRAL,0,0,0,LONG,NEUTRAL
14,"As a result, AI has the potential to improve healthcare outcomes and save lives",NEUTRAL,0,0,0,LONG,NEUTRAL
15,Artificial intelligence also provides significant benefits in the field of education,NEUTRAL,0,0,0,NORMAL,NEUTRAL
16,Modern educational platforms use AI to personalize learning experiences for students,NEUTRAL,0,0,0,NORMAL,NEUTRAL
17,Intelligent tutoring systems can analyze the learning patterns of students and provide customized lessons that match their abilities,NEUTRAL,0,0,0,LONG,NEUTRAL
18,This approach helps students learn more effectively and improves academic performance,NEUTRAL,0,0,0,NORMAL,NEUTRAL
19,Many educators believe that AI can make education more accessible and inclusive by providing learning resources to students around the world,NEUTRAL,0,0,0,LONG,NEUTRAL
20,"Despite these benefits, artificial intelligence also raises several concerns",NEUTRAL,0,0,0,NORMAL,NEUTRAL
21,One of the most frequently discussed issues is job displacement,NEUTRAL,0,0,0,NORMAL,NEUTRAL
22,"As AI systems become more capable of performing complex tasks, many traditional jobs may become automated",NEUTRAL,0,0,0,LONG,NEUTRAL
23,"Workers in industries such as manufacturing, transportation, and customer service may face job losses due to automation",NEUTRAL,0,0,0,LONG,NEUTRAL
24,This situation creates uncertainty about the future of employment and requires governments and organizations to develop strategies for workforce adaptation,NEUTRAL,0,0,0,LONG,NEUTRAL
25,Another major concern is the potential misuse of AI technology,NEUTRAL,0,0,0,NORMAL,NEUTRAL
26,Artificial intelligence systems can be used for both beneficial and harmful purposes,NEUTRAL,0,0,0,NORMAL,NEUTRAL
27,"For instance, AI can improve cybersecurity by detecting suspicious activities and preventing cyberattacks",NEUTRAL,0,0,0,LONG,NEUTRAL
28,"However, the same technology can also be used by malicious actors to develop advanced hacking techniques or create deceptive online content",NEUTRAL,0,0,0,LONG,NEUTRAL
29,"The rise of deepfake technology has already demonstrated how AI can be used to manipulate images and videos, potentially spreading misinformation and damaging public trust",NEUTRAL,0,0,0,LONG,NEUTRAL
30,Ethical considerations are also an important topic in discussions about artificial intelligence,NEUTRAL,0,0,0,NORMAL,NEUTRAL
31,AI systems often rely on large datasets to make predictions and decisions,NEUTRAL,0,0,0,NORMAL,NEUTRAL
32,"If these datasets contain biases, the AI system may produce biased results",NEUTRAL,0,0,0,NORMAL,NEUTRAL
33,"For example, an AI recruitment system trained on biased historical data may unintentionally favor certain groups of candidates while discriminating against others",NEUTRAL,0,0,0,LONG,NEUTRAL
34,Such outcomes highlight the importance of developing fair and transparent AI systems that promote equality and accountability,NEUTRAL,0,0,0,LONG,NEUTRAL
35,Privacy is another significant concern associated with AI technologies,NEUTRAL,0,0,0,NORMAL,NEUTRAL
36,Many AI applications collect and analyze vast amounts of personal data to function effectively,NEUTRAL,0,0,0,LONG,NEUTRAL
37,"While this data can help improve services and user experiences, it also raises questions about how personal information is stored, shared, and protected",NEUTRAL,0,0,0,LONG,NEUTRAL
38,Individuals may worry that their personal data could be misused or accessed without proper authorization,NEUTRAL,0,0,0,LONG,NEUTRAL
39,"Therefore, strong data protection policies and regulations are necessary to ensure responsible use of AI technologies",NEUTRAL,0,0,0,LONG,NEUTRAL
40,Another challenge is the lack of transparency in many AI systems,NEUTRAL,0,0,0,NORMAL,NEUTRAL
41,"Some advanced machine learning models operate as ""black boxes,"" meaning their decision-making processes are difficult to interpret",NEUTRAL,0,0,0,LONG,NEUTRAL
42,This lack of transparency can create trust issues among users and organizations,NEUTRAL,0,0,0,NORMAL,NEUTRAL
43,"If people cannot understand how an AI system reached a particular decision, they may hesitate to rely on it",NEUTRAL,0,0,0,LONG,NEUTRAL
44,Researchers are actively working on developing explainable AI techniques that make AI decisions easier to understand and verify,NEUTRAL,0,0,0,LONG,NEUTRAL
45,"Artificial Intelligence (AI) has become one of the most transformative technologies of the modern era. Over the past few decades, AI systems have evolved from simple rule-based programs to highly sophisticated systems capable of learning, reasoning, and making decisions. Today, AI is widely used in various industries including healthcare, finance, education, transportation, and cybersecurity. The rapid growth of AI technology has created excitement about its potential benefits while also raising concerns about its possible risks and ethical implications.

One of the most positive aspects of artificial intelligence is its ability to automate repetitive tasks. Many businesses rely on AI-powered tools to handle large amounts of data and perform tasks that would normally require significant human effort. For example, AI systems can analyze large datasets in seconds and identify patterns that humans might overlook. This ability improves efficiency and productivity in organizations. Companies can make faster decisions and reduce operational costs, which ultimately benefits both businesses and consumers.

Another advantage of artificial intelligence is its ability to reduce human error. Humans can make mistakes due to fatigue, stress, or lack of attention, but machines can perform calculations and analysis with high accuracy. In industries such as healthcare, AI-powered diagnostic tools can assist doctors in identifying diseases at an early stage. These tools can analyze medical images and patient data quickly and provide helpful insights. As a result, AI has the potential to improve healthcare outcomes and save lives.

Artificial intelligence also provides significant benefits in the field of education. Modern educational platforms use AI to personalize learning experiences for students. Intelligent tutoring systems can analyze the learning patterns of students and provide customized lessons that match their abilities. This approach helps students learn more effectively and improves academic performance. Many educators believe that AI can make education more accessible and inclusive by providing learning resources to students around the world.

Despite these benefits, artificial intelligence also raises several concerns. One of the most frequently discussed issues is job displacement. As AI systems become more capable of performing complex tasks, many traditional jobs may become automated. Workers in industries such as manufacturing, transportation, and customer service may face job losses due to automation. This situation creates uncertainty about the future of employment and requires governments and organizations to develop strategies for workforce adaptation.

Another major concern is the potential misuse of AI technology. Artificial intelligence systems can be used for both beneficial and harmful purposes. For instance, AI can improve cybersecurity by detecting suspicious activities and preventing cyberattacks. However, the same technology can also be used by malicious actors to develop advanced hacking techniques or create deceptive online content. The rise of deepfake technology has already demonstrated how AI can be used to manipulate images and videos, potentially spreading misinformation and damaging public trust.

Ethical considerations are also an important topic in discussions about artificial intelligence. AI systems often rely on large datasets to make predictions and decisions. If these datasets contain biases, the AI system may produce biased results. For example, an AI recruitment system trained on biased historical data may unintentionally favor certain groups of candidates while discriminating against others. Such outcomes highlight the importance of developing fair and transparent AI systems that promote equality and accountability.

Privacy is another significant concern associated with AI technologies. Many AI applications collect and analyze vast amounts of personal data to function effectively. While this data can help improve services and user experiences, it also raises questions about how personal information is stored, shared, and protected. Individuals may worry that their personal data could be misused or accessed without proper authorization. Therefore, strong data protection policies and regulations are necessary to ensure responsible use of AI technologies.

Another challenge is the lack of transparency in many AI systems. Some advanced machine learning models operate as ""black boxes,"" meaning their decision-making processes are difficult to interpret. This lack of transparency can create trust issues among users and organizations. If people cannot understand how an AI system reached a particular decision, they may hesitate to rely on it. Researchers are actively working on developing explainable AI techniques that make AI decisions easier to understand and verify.",NEUTRAL,0,1,1,ALERT,CRITICAL
46,good,POSITIVE,1,1,0,NORMAL,POSITIVE
47,"Artificial Intelligence (AI) has become one of the most transformative technologies of the modern era. Over the past few decades, AI systems have evolved from simple rule-based programs to highly sophisticated systems capable of learning, reasoning, and making decisions. Today, AI is widely used in various industries including healthcare, finance, education, transportation, and cybersecurity. The rapid growth of AI technology has created excitement about its potential benefits while also raising concerns about its possible risks and ethical implications.

One of the most positive aspects of artificial intelligence is its ability to automate repetitive tasks. Many businesses rely on AI-powered tools to handle large amounts of data and perform tasks that would normally require significant human effort. For example, AI systems can analyze large datasets in seconds and identify patterns that humans might overlook. This ability improves efficiency and productivity in organizations. Companies can make faster decisions and reduce operational costs, which ultimately benefits both businesses and consumers.

Another advantage of artificial intelligence is its ability to reduce human error. Humans can make mistakes due to fatigue, stress, or lack of attention, but machines can perform calculations and analysis with high accuracy. In industries such as healthcare, AI-powered diagnostic tools can assist doctors in identifying diseases at an early stage. These tools can analyze medical images and patient data quickly and provide helpful insights. As a result, AI has the potential to improve healthcare outcomes and save lives.

Artificial intelligence also provides significant benefits in the field of education. Modern educational platforms use AI to personalize learning experiences for students. Intelligent tutoring systems can analyze the learning patterns of students and provide customized lessons that match their abilities. This approach helps students learn more effectively and improves academic performance. Many educators believe that AI can make education more accessible and inclusive by providing learning resources to students around the world.

Despite these benefits, artificial intelligence also raises several concerns. One of the most frequently discussed issues is job displacement. As AI systems become more capable of performing complex tasks, many traditional jobs may become automated. Workers in industries such as manufacturing, transportation, and customer service may face job losses due to automation. This situation creates uncertainty about the future of employment and requires governments and organizations to develop strategies for workforce adaptation.

Another major concern is the potential misuse of AI technology. Artificial intelligence systems can be used for both beneficial and harmful purposes. For instance, AI can improve cybersecurity by detecting suspicious activities and preventing cyberattacks. However, the same technology can also be used by malicious actors to develop advanced hacking techniques or create deceptive online content. The rise of deepfake technology has already demonstrated how AI can be used to manipulate images and videos, potentially spreading misinformation and damaging public trust.

Ethical considerations are also an important topic in discussions about artificial intelligence. AI systems often rely on large datasets to make predictions and decisions. If these datasets contain biases, the AI system may produce biased results. For example, an AI recruitment system trained on biased historical data may unintentionally favor certain groups of candidates while discriminating against others. Such outcomes highlight the importance of developing fair and transparent AI systems that promote equality and accountability.

Privacy is another significant concern associated with AI technologies. Many AI applications collect and analyze vast amounts of personal data to function effectively. While this data can help improve services and user experiences, it also raises questions about how personal information is stored, shared, and protected. Individuals may worry that their personal data could be misused or accessed without proper authorization. Therefore, strong data protection policies and regulations are necessary to ensure responsible use of AI technologies.

Another challenge is the lack of transparency in many AI systems. Some advanced machine learning models operate as ""black boxes,"" meaning their decision-making processes are difficult to interpret. This lack of transparency can create trust issues among users and organizations. If people cannot understand how an AI system reached a particular decision, they may hesitate to rely on it. Researchers are actively working on developing explainable AI techniques that make AI decisions easier to understand and verify.",NEUTRAL,0,1,1,ALERT,CRITICAL
48,good,POSITIVE,1,1,0,NORMAL,POSITIVE
49,bad,NEGATIVE,-1,0,1,NORMAL,NEGATIVE
50,good.good.,POSITIVE,2,2,0,NORMAL,VERY_POSITIVE
51,bad terrible hate,NEGATIVE,-3,0,3,NORMAL,VERY_NEGATIVE
